{
    "audio": {
        "threshold": 0.15,
        "sample_rate": 44100,
        "chunk_size": 1024,
        "recording_duration": 2.0
    },
    "fishing_spot": {
        "min_radius": 20,
        "max_radius": 100,
        "detection_interval": 0.5,
        "movement_speed": 1.0
    },
    "minigame": {
        "bar_left_boundary": 0.25,
        "bar_right_boundary": 0.8,
        "reaction_speed": 1.2,
        "click_interval": 0.1
    },
    "movement": {
        "base_delay": 0.5,
        "random_variance": 0.1,
        "path_smoothing": 0.7
    },
    "combat": {
        "skill_delay": 0.1,
        "auto_heal_threshold": 0.5,
        "preferred_skills": [
            "1",
            "2",
            "3",
            "4"
        ]
    }
}